mean correct rate,time,mean byte
87.768199999999993,18.758444,14921.248
